classe,fpr,tpr,thresholds
Verde,0.0,0.0,inf
Verde,0.0,0.0005443658138268917,0.982
Verde,0.0,0.001633097441480675,0.976
Verde,0.0,0.003810560696788242,0.972
Verde,0.0,0.004899292324442025,0.97
Verde,0.0,0.007076755579749592,0.968
Verde,0.0011344299489506524,0.00979858464888405,0.966
Verde,0.0011344299489506524,0.011431682090364725,0.964
Verde,0.0011344299489506524,0.013609145345672292,0.962
Verde,0.0011344299489506524,0.01905280348394121,0.96
Verde,0.0022688598979013048,0.020685900925421885,0.958
Verde,0.0028360748723766306,0.023407729994556342,0.956
Verde,0.003970504821327283,0.026673924877517692,0.954
Verde,0.0045377197958026095,0.031573217201959713,0.952
Verde,0.005104934770277935,0.038649972781709306,0.95
Verde,0.007941009642654566,0.045182362547632006,0.948
Verde,0.008508224617129892,0.053347849755035384,0.946
Verde,0.009642654566080544,0.059880239520958084,0.944
Verde,0.009642654566080544,0.065323897659227,0.942
Verde,0.013045944412932501,0.08274360370168754,0.938
Verde,0.01588201928530913,0.09471965160587915,0.936
Verde,0.01758366420873511,0.10234077299945564,0.934
Verde,0.01871809415768576,0.11377245508982035,0.932
Verde,0.02098695405558707,0.12792596624931954,0.93
Verde,0.022688598979013045,0.13881328252585737,0.928
Verde,0.024390243902439025,0.14806750136091454,0.926
Verde,0.024957458876914352,0.15459989112683722,0.924
Verde,0.02665910380034033,0.16058791507893305,0.922
Verde,0.027793533749290982,0.17147523135547088,0.92
Verde,0.027793533749290982,0.1839956450734894,0.918
Verde,0.03119682359614294,0.19651605879150788,0.916
Verde,0.03119682359614294,0.2101252041371802,0.914
Verde,0.03233125354509359,0.22046815459989114,0.912
Verde,0.033465683494044246,0.23244420250408274,0.91
Verde,0.036301758366420876,0.24115405552531302,0.908
Verde,0.03800340328984685,0.25694066412629285,0.906
Verde,0.04027226318774816,0.27109417528579205,0.904
Verde,0.041406693136698806,0.28252585737615676,0.902
Verde,0.04480998298355077,0.2961350027218291,0.9
Verde,0.04594441293250142,0.30593358737071313,0.898
Verde,0.04821327283040272,0.3249863908546543,0.896
Verde,0.049347702779353374,0.3396842678279804,0.894
Verde,0.052183777651730004,0.3505715841045182,0.892
Verde,0.055587067498581964,0.36091453456722916,0.89
Verde,0.05728871242200794,0.371801850843767,0.888
Verde,0.057855927396483264,0.38704409363091996,0.886
Verde,0.05955757231990925,0.3973870440936309,0.884
Verde,0.06182643221781055,0.40718562874251496,0.882
Verde,0.06409529211571185,0.4180729450190528,0.88
Verde,0.0652297220646625,0.4289602612955906,0.878
Verde,0.06749858196256381,0.44256940664126293,0.876
Verde,0.06920022688598979,0.4518236254763201,0.874
Verde,0.07146908678389109,0.46162221012520416,0.872
Verde,0.07203630175836642,0.4757757212847033,0.87
Verde,0.0737379466817924,0.48720740337506807,0.868
Verde,0.07487237663074305,0.49428415895481764,0.866
Verde,0.07487237663074305,0.5051714752313554,0.864
Verde,0.07543959160521838,0.5182362547632009,0.862
Verde,0.07657402155416904,0.5253130103429504,0.86
Verde,0.07714123652864435,0.5367446924333152,0.858
Verde,0.07827566647759501,0.5459989112683723,0.856
Verde,0.07997731140102099,0.5590636908002178,0.854
Verde,0.08111174134997164,0.5721284703320632,0.852
Verde,0.08167895632444697,0.5797495917256397,0.85
Verde,0.08338060124787294,0.5857376156777354,0.848
Verde,0.08394781622234827,0.5944474686989657,0.846
Verde,0.08508224617129892,0.6020685900925422,0.844
Verde,0.08564946114577425,0.6102340772999456,0.842
Verde,0.08621667612024958,0.6156777354382145,0.84
Verde,0.0867838910947249,0.6254763200870985,0.838
Verde,0.08791832104367556,0.633097441480675,0.836
Verde,0.08791832104367556,0.6374523679912901,0.834
Verde,0.08848553601815087,0.6450734893848666,0.832
Verde,0.09018718094157686,0.6543277082199238,0.83
Verde,0.09075439591605218,0.6624931954273272,0.828
Verde,0.09132161089052751,0.6663037561241154,0.826
Verde,0.09188882586500284,0.6728361458900382,0.824
Verde,0.09245604083947816,0.6761023407729995,0.822
Verde,0.09245604083947816,0.6815459989112683,0.82
Verde,0.09245604083947816,0.6880783886771911,0.818
Verde,0.09415768576290415,0.6951551442569407,0.816
Verde,0.09585933068633012,0.7011431682090364,0.814
Verde,0.09642654566080544,0.7076755579749592,0.812
Verde,0.09699376063528077,0.7120304844855743,0.81
Verde,0.09926262053318208,0.7169297768100164,0.808
Verde,0.10039705048213272,0.7207403375068046,0.806
Verde,0.10096426545660805,0.7250952640174197,0.804
Verde,0.10096426545660805,0.7278170930865542,0.802
Verde,0.10153148043108338,0.7310832879695155,0.8
Verde,0.10153148043108338,0.7376156777354382,0.798
Verde,0.1020986954055587,0.7430593358737071,0.796
Verde,0.10266591038003403,0.7474142623843223,0.794
Verde,0.10380034032898469,0.753402286336418,0.792
Verde,0.10380034032898469,0.7593903102885139,0.79
Verde,0.10380034032898469,0.7626565051714752,0.788
Verde,0.10436755530346001,0.7675557974959173,0.786
Verde,0.10550198525241067,0.7724550898203593,0.784
Verde,0.10720363017583664,0.7762656505171476,0.782
Verde,0.10833806012478729,0.7806205770277627,0.78
Verde,0.10833806012478729,0.7833424060968971,0.778
Verde,0.10833806012478729,0.7844311377245509,0.776
Verde,0.10833806012478729,0.7882416984213392,0.774
Verde,0.10947249007373795,0.7915078933043005,0.772
Verde,0.11003970504821327,0.7931409907457811,0.77
Verde,0.11117413499716393,0.7964071856287425,0.768
Verde,0.11117413499716393,0.7974959172563963,0.766
Verde,0.11117413499716393,0.8007621121393577,0.764
Verde,0.11230856494611458,0.804028307022319,0.762
Verde,0.1128757799205899,0.8056614044637996,0.76
Verde,0.11344299489506524,0.8089275993467611,0.758
Verde,0.11401020986954055,0.813826891671203,0.756
Verde,0.11401020986954055,0.8154599891126837,0.754
Verde,0.11457742484401588,0.819270549809472,0.752
Verde,0.11571185479296653,0.8203592814371258,0.75
Verde,0.11571185479296653,0.8252585737615677,0.748
Verde,0.11627906976744186,0.8258029395753946,0.746
Verde,0.11741349971639252,0.8301578660860098,0.744
Verde,0.11798071469086784,0.8317909635274905,0.742
Verde,0.11798071469086784,0.8345127925966249,0.74
Verde,0.1191151446398185,0.8388677191072401,0.738
Verde,0.12138400453771979,0.8410451823625477,0.736
Verde,0.12138400453771979,0.8426782798040283,0.734
Verde,0.12195121951219512,0.8448557430593359,0.732
Verde,0.12251843448667045,0.8464888405008165,0.73
Verde,0.12251843448667045,0.8486663037561241,0.728
Verde,0.12308564946114578,0.849755035383778,0.726
Verde,0.12308564946114578,0.8519324986390855,0.724
Verde,0.12308564946114578,0.8551986935220468,0.722
Verde,0.12308564946114578,0.8568317909635275,0.72
Verde,0.1236528644356211,0.859009254218835,0.718
Verde,0.12478729438457176,0.8600979858464889,0.716
Verde,0.12478729438457176,0.8611867174741427,0.714
Verde,0.12478729438457176,0.8617310832879695,0.712
Verde,0.12478729438457176,0.8666303756124115,0.71
Verde,0.12592172433352242,0.8688078388677191,0.708
Verde,0.12592172433352242,0.8709853021230267,0.704
Verde,0.12592172433352242,0.8731627653783343,0.702
Verde,0.12592172433352242,0.8737071311921611,0.698
Verde,0.12648893930799773,0.8753402286336418,0.696
Verde,0.12648893930799773,0.8758845944474687,0.694
Verde,0.12648893930799773,0.8775176918889493,0.692
Verde,0.12648893930799773,0.8780620577027762,0.69
Verde,0.1276233692569484,0.8796951551442569,0.688
Verde,0.12875779920589903,0.8818726183995645,0.686
Verde,0.12932501418037437,0.8840500816548721,0.684
Verde,0.1298922291548497,0.8851388132825259,0.682
Verde,0.13102665910380035,0.8867719107240065,0.68
Verde,0.13102665910380035,0.8889493739793141,0.678
Verde,0.13159387407827566,0.889493739793141,0.676
Verde,0.13159387407827566,0.8905824714207947,0.674
Verde,0.13216108905275098,0.8922155688622755,0.672
Verde,0.13216108905275098,0.8938486663037561,0.67
Verde,0.13272830402722632,0.8954817637452368,0.666
Verde,0.1344299489506523,0.8960261295590637,0.662
Verde,0.13499716392512762,0.8965704953728906,0.66
Verde,0.13556437889960296,0.8987479586281981,0.658
Verde,0.13556437889960296,0.9009254218835057,0.656
Verde,0.13726602382302894,0.9009254218835057,0.65
Verde,0.13726602382302894,0.9014697876973327,0.648
Verde,0.13840045377197957,0.9031028851388133,0.646
Verde,0.13953488372093023,0.9031028851388133,0.644
Verde,0.14010209869540555,0.9036472509526402,0.642
Verde,0.1406693136698809,0.9036472509526402,0.64
Verde,0.14180374361883152,0.904735982580294,0.638
Verde,0.14180374361883152,0.9058247142079477,0.636
Verde,0.14180374361883152,0.9074578116494284,0.634
Verde,0.14180374361883152,0.9080021774632553,0.632
Verde,0.14350538854225753,0.909635274904736,0.628
Verde,0.14463981849120816,0.909635274904736,0.626
Verde,0.14463981849120816,0.9107240065323897,0.624
Verde,0.14463981849120816,0.9112683723462166,0.622
Verde,0.14577424844015882,0.9123571039738705,0.62
Verde,0.14634146341463414,0.9134458356015243,0.618
Verde,0.1474758933635848,0.9134458356015243,0.616
Verde,0.14804310833806011,0.9150789330430049,0.614
Verde,0.14917753828701077,0.9150789330430049,0.612
Verde,0.14917753828701077,0.9172563962983125,0.608
Verde,0.1497447532614861,0.9183451279259662,0.606
Verde,0.15031196823596144,0.9199782253674469,0.604
Verde,0.15087918321043675,0.9210669569951007,0.6
Verde,0.15087918321043675,0.9221556886227545,0.594
Verde,0.15087918321043675,0.9237887860642352,0.592
Verde,0.1514463981849121,0.9237887860642352,0.59
Verde,0.1514463981849121,0.924877517691889,0.586
Verde,0.1514463981849121,0.9254218835057159,0.582
Verde,0.1520136131593874,0.9259662493195427,0.58
Verde,0.15258082813386273,0.9259662493195427,0.578
Verde,0.15258082813386273,0.9265106151333696,0.576
Verde,0.1537152580828134,0.9265106151333696,0.574
Verde,0.1542824730572887,0.9270549809471965,0.572
Verde,0.1542824730572887,0.9275993467610234,0.57
Verde,0.15484968803176405,0.9281437125748503,0.568
Verde,0.15541690300623937,0.9281437125748503,0.566
Verde,0.15541690300623937,0.9292324442025041,0.564
Verde,0.15655133295519003,0.9303211758301578,0.562
Verde,0.15655133295519003,0.9324986390854655,0.56
Verde,0.15768576290414066,0.9324986390854655,0.558
Verde,0.158252977878616,0.9330430048992924,0.556
Verde,0.15938740782756664,0.9330430048992924,0.552
Verde,0.1605218377765173,0.9352204681545999,0.548
Verde,0.16108905275099264,0.9352204681545999,0.546
Verde,0.16108905275099264,0.9368535655960806,0.544
Verde,0.16165626772546796,0.9368535655960806,0.542
Verde,0.16279069767441862,0.9368535655960806,0.54
Verde,0.16335791264889393,0.9373979314099075,0.538
Verde,0.16392512762336925,0.9384866630375612,0.534
Verde,0.1650595575723199,0.9384866630375612,0.526
Verde,0.16562677254679523,0.939575394665215,0.522
Verde,0.16562677254679523,0.9401197604790419,0.52
Verde,0.1673284174702212,0.9401197604790419,0.518
Verde,0.16789563244469655,0.9406641262928688,0.514
Verde,0.16789563244469655,0.9412084921066957,0.512
Verde,0.16846284741917186,0.9417528579205225,0.51
Verde,0.16903006239364718,0.9417528579205225,0.508
Verde,0.1712989222915485,0.9422972237343494,0.506
Verde,0.1712989222915485,0.9439303211758302,0.504
Verde,0.17243335224049916,0.9439303211758302,0.5
Verde,0.1735677821894498,0.9439303211758302,0.494
Verde,0.17413499716392514,0.9444746869896571,0.492
Verde,0.17526942711287577,0.9444746869896571,0.486
Verde,0.1758366420873511,0.945019052803484,0.484
Verde,0.17697107203630175,0.9471965160587915,0.48
Verde,0.1781055019852524,0.9477408818726184,0.476
Verde,0.1781055019852524,0.9482852476864453,0.474
Verde,0.17867271695972772,0.9488296135002722,0.468
Verde,0.17923993193420307,0.9488296135002722,0.466
Verde,0.17980714690867838,0.9493739793140991,0.464
Verde,0.18037436188315373,0.9504627109417528,0.462
Verde,0.1820760068065797,0.9504627109417528,0.46
Verde,0.18377765173000568,0.9510070767555797,0.458
Verde,0.184344866704481,0.9510070767555797,0.454
Verde,0.1849120816789563,0.9515514425694066,0.452
Verde,0.18718094157685763,0.9515514425694066,0.446
Verde,0.18774815655133295,0.9520958083832335,0.444
Verde,0.1888825865002836,0.9526401741970604,0.442
Verde,0.18944980147475893,0.9537289058247143,0.438
Verde,0.19001701644923427,0.9537289058247143,0.436
Verde,0.19228587634713556,0.9537289058247143,0.434
Verde,0.19228587634713556,0.9542732716385411,0.432
Verde,0.19342030629608623,0.9542732716385411,0.428
Verde,0.19398752127056154,0.9542732716385411,0.426
Verde,0.19455473624503686,0.954817637452368,0.424
Verde,0.19455473624503686,0.9553620032661949,0.422
Verde,0.19568916619398752,0.9559063690800218,0.42
Verde,0.19625638116846283,0.9559063690800218,0.418
Verde,0.19682359614293818,0.9564507348938487,0.416
Verde,0.19795802609188884,0.9564507348938487,0.41
Verde,0.19852524106636416,0.9569951007076756,0.408
Verde,0.19909245604083947,0.9569951007076756,0.404
Verde,0.2013613159387408,0.9569951007076756,0.4
Verde,0.2019285309132161,0.9569951007076756,0.396
Verde,0.20306296086216677,0.9580838323353293,0.392
Verde,0.20363017583664209,0.9580838323353293,0.39
Verde,0.2041973908111174,0.9586281981491562,0.386
Verde,0.20533182076006806,0.9586281981491562,0.382
Verde,0.20703346568349404,0.9586281981491562,0.38
Verde,0.20760068065796938,0.9586281981491562,0.378
Verde,0.20760068065796938,0.9591725639629831,0.372
Verde,0.20873511060692002,0.95971692977681,0.37
Verde,0.20930232558139536,0.95971692977681,0.366
Verde,0.210436755530346,0.95971692977681,0.364
Verde,0.21327283040272263,0.95971692977681,0.362
Verde,0.21384004537719795,0.9602612955906369,0.358
Verde,0.2149744753261486,0.9602612955906369,0.356
Verde,0.21554169030062392,0.9602612955906369,0.354
Verde,0.21781055019852524,0.9602612955906369,0.35
Verde,0.21781055019852524,0.9613500272182907,0.344
Verde,0.21837776517300056,0.9613500272182907,0.342
Verde,0.2189449801474759,0.9624387588459444,0.34
Verde,0.21951219512195122,0.9624387588459444,0.338
Verde,0.22007941009642654,0.9635274904735982,0.336
Verde,0.22064662507090188,0.9635274904735982,0.334
Verde,0.2217810550198525,0.9635274904735982,0.332
Verde,0.2234826999432785,0.9635274904735982,0.322
Verde,0.22461712989222915,0.9635274904735982,0.32
Verde,0.22461712989222915,0.9646162221012521,0.318
Verde,0.22461712989222915,0.965160587915079,0.316
Verde,0.22631877481565513,0.965160587915079,0.314
Verde,0.22858763471355645,0.965160587915079,0.308
Verde,0.22915484968803176,0.965160587915079,0.304
Verde,0.23142370958593306,0.965160587915079,0.3
Verde,0.2319909245604084,0.965160587915079,0.298
Verde,0.2342597844583097,0.965160587915079,0.288
Verde,0.2342597844583097,0.9657049537289059,0.286
Verde,0.23482699943278504,0.9657049537289059,0.284
Verde,0.23596142938173567,0.9662493195427327,0.282
Verde,0.23652864435621102,0.9667936853565596,0.28
Verde,0.23709585933068633,0.9667936853565596,0.278
Verde,0.23993193420306297,0.9667936853565596,0.276
Verde,0.24049914917753829,0.9667936853565596,0.272
Verde,0.24049914917753829,0.9678824169842134,0.27
Verde,0.24220079410096426,0.9684267827980403,0.268
Verde,0.24333522404991492,0.9684267827980403,0.264
Verde,0.24333522404991492,0.9695155144256941,0.262
Verde,0.24333522404991492,0.9700598802395209,0.26
Verde,0.24446965399886558,0.9706042460533478,0.258
Verde,0.2450368689733409,0.9706042460533478,0.256
Verde,0.24617129892229156,0.9706042460533478,0.254
Verde,0.2473057288712422,0.9706042460533478,0.248
Verde,0.24844015882019285,0.9706042460533478,0.246
Verde,0.24900737379466817,0.9711486118671747,0.244
Verde,0.25070901871809415,0.9716929776810016,0.242
Verde,0.25184344866704483,0.9722373434948285,0.24
Verde,0.2552467385138968,0.9722373434948285,0.234
Verde,0.2563811684628474,0.9727817093086554,0.232
Verde,0.25751559841179805,0.9727817093086554,0.23
Verde,0.25921724333522406,0.9733260751224823,0.228
Verde,0.2603516732841747,0.9733260751224823,0.224
Verde,0.2614861032331254,0.9733260751224823,0.22
Verde,0.2631877481565513,0.9738704409363091,0.218
Verde,0.26432217810550196,0.9738704409363091,0.216
Verde,0.26772546795235397,0.9738704409363091,0.214
Verde,0.2688598979013046,0.9744148067501361,0.212
Verde,0.27056154282473055,0.974959172563963,0.21
Verde,0.27226318774815655,0.974959172563963,0.206
Verde,0.27283040272263187,0.974959172563963,0.204
Verde,0.2750992626205332,0.974959172563963,0.202
Verde,0.2756664775950085,0.974959172563963,0.2
Verde,0.27680090754395914,0.974959172563963,0.198
Verde,0.27793533749290983,0.974959172563963,0.194
Verde,0.2796369824163358,0.974959172563963,0.192
Verde,0.2819058423142371,0.974959172563963,0.19
Verde,0.28360748723766305,0.974959172563963,0.188
Verde,0.28474191718661374,0.974959172563963,0.186
Verde,0.2864435621100397,0.974959172563963,0.184
Verde,0.28701077708451506,0.974959172563963,0.182
Verde,0.2875779920589904,0.9760479041916168,0.18
Verde,0.2892796369824163,0.9760479041916168,0.178
Verde,0.28984685195689164,0.9760479041916168,0.176
Verde,0.2909812819058423,0.9760479041916168,0.174
Verde,0.29154849688031764,0.9771366358192706,0.172
Verde,0.2932501418037436,0.9771366358192706,0.17
Verde,0.2955190017016449,0.9771366358192706,0.168
Verde,0.2972206466250709,0.9771366358192706,0.166
Verde,0.2994895065229722,0.9771366358192706,0.164
Verde,0.30062393647192287,0.9771366358192706,0.16
Verde,0.3023255813953488,0.9771366358192706,0.156
Verde,0.3079977311401021,0.9771366358192706,0.152
Verde,0.3091321610890527,0.9776810016330975,0.15
Verde,0.31196823596142936,0.9782253674469243,0.148
Verde,0.3153715258082813,0.9787697332607512,0.146
Verde,0.31820760068065795,0.9793140990745781,0.144
Verde,0.3204764605785593,0.9793140990745781,0.142
Verde,0.3216108905275099,0.979858464888405,0.14
Verde,0.32444696539988654,0.979858464888405,0.138
Verde,0.3278502552467385,0.9804028307022319,0.136
Verde,0.3301191151446398,0.9809471965160588,0.134
Verde,0.3318207600680658,0.9825802939575394,0.132
Verde,0.33295519001701646,0.9825802939575394,0.13
Verde,0.3357912648893931,0.9825802939575394,0.128
Verde,0.33976176971072036,0.9825802939575394,0.126
Verde,0.3431650595575723,0.9831246597713663,0.124
Verde,0.3477027793533749,0.9831246597713663,0.122
Verde,0.3511060692002269,0.9831246597713663,0.12
Verde,0.3539421440726035,0.9842133913990201,0.118
Verde,0.3579126488939308,0.9842133913990201,0.116
Verde,0.36358479863868404,0.9842133913990201,0.114
Verde,0.370391378332388,0.985302123026674,0.11
Verde,0.38060124787294386,0.985302123026674,0.106
Verde,0.3879750425411231,0.985302123026674,0.104
Verde,0.39137833238797504,0.9858464888405009,0.102
Verde,0.40045377197958026,0.9858464888405009,0.1
Verde,0.4083947816222348,0.9858464888405009,0.098
Verde,0.41349971639251276,0.9858464888405009,0.096
Verde,0.4169030062393647,0.9863908546543277,0.094
Verde,0.420873511060692,0.9863908546543277,0.092
Verde,0.4276800907543959,0.9863908546543277,0.09
Verde,0.4316505955757232,0.9863908546543277,0.088
Verde,0.4356211003970505,0.9874795862819815,0.086
Verde,0.43959160521837776,0.9874795862819815,0.084
Verde,0.44639818491208166,0.9885683179096353,0.082
Verde,0.4549064095292116,0.9907457811649428,0.08
Verde,0.4617129892229155,0.9907457811649428,0.078
Verde,0.47362450368689735,0.9912901469787697,0.076
Verde,0.47872943845717525,0.9912901469787697,0.074
Verde,0.4844015882019285,0.9912901469787697,0.072
Verde,0.4883720930232558,0.9918345127925966,0.07
Verde,0.497447532614861,0.9918345127925966,0.068
Verde,0.5053885422575156,0.9918345127925966,0.066
Verde,0.5144639818491208,0.9934676102340773,0.064
Verde,0.525241066364152,0.9934676102340773,0.062
Verde,0.5314804310833806,0.9934676102340773,0.06
Verde,0.5394214407260352,0.9940119760479041,0.058
Verde,0.5456608054452637,0.995100707675558,0.056
Verde,0.5501985252410664,0.9956450734893849,0.054
Verde,0.554736245036869,0.9956450734893849,0.052
Verde,0.5621100397050482,0.9956450734893849,0.05
Verde,0.5689166193987522,0.9961894393032118,0.048
Verde,0.5757231990924561,0.9972781709308656,0.046
Verde,0.5819625638116847,0.9972781709308656,0.044
Verde,0.5899035734543392,0.9978225367446925,0.042
Verde,0.5995462280204198,0.9978225367446925,0.04
Verde,0.605218377765173,0.9978225367446925,0.038
Verde,0.6091888825865003,0.9983669025585193,0.036
Verde,0.6171298922291548,0.9989112683723462,0.034
Verde,0.6239364719228587,0.9989112683723462,0.032
Verde,0.6324446965399887,0.9994556341861731,0.03
Verde,0.6426545660805445,0.9994556341861731,0.026
Verde,0.6483267158252978,0.9994556341861731,0.024
Verde,0.6568349404424276,0.9994556341861731,0.022
Verde,0.6625070901871809,0.9994556341861731,0.02
Verde,0.6693136698808848,0.9994556341861731,0.018
Verde,0.6744186046511628,0.9994556341861731,0.016
Verde,0.6840612592172434,1.0,0.014
Verde,0.6988088485536018,1.0,0.012
Verde,0.7169597277368123,1.0,0.01
Verde,0.7402155416903006,1.0,0.008
Verde,0.7708451503119682,1.0,0.006
Verde,0.810550198525241,1.0,0.004
Verde,0.8513896766874646,1.0,0.002
Verde,1.0,1.0,0.0
Amarelo,0.0,0.0,inf
Amarelo,0.0,0.000975609756097561,0.962
Amarelo,0.0,0.001951219512195122,0.946
Amarelo,0.0,0.005853658536585366,0.94
Amarelo,0.0,0.010731707317073172,0.918
Amarelo,0.0007766990291262136,0.011707317073170732,0.914
Amarelo,0.0007766990291262136,0.015609756097560976,0.912
Amarelo,0.0011650485436893205,0.015609756097560976,0.91
Amarelo,0.0011650485436893205,0.018536585365853658,0.908
Amarelo,0.0015533980582524273,0.01951219512195122,0.904
Amarelo,0.0015533980582524273,0.0224390243902439,0.898
Amarelo,0.001941747572815534,0.02829268292682927,0.896
Amarelo,0.001941747572815534,0.03024390243902439,0.894
Amarelo,0.001941747572815534,0.0351219512195122,0.892
Amarelo,0.002330097087378641,0.03804878048780488,0.89
Amarelo,0.003495145631067961,0.04,0.888
Amarelo,0.003883495145631068,0.0448780487804878,0.886
Amarelo,0.004271844660194175,0.045853658536585365,0.884
Amarelo,0.004271844660194175,0.04878048780487805,0.882
Amarelo,0.004271844660194175,0.05268292682926829,0.88
Amarelo,0.004660194174757282,0.05365853658536585,0.878
Amarelo,0.004660194174757282,0.055609756097560976,0.876
Amarelo,0.004660194174757282,0.05853658536585366,0.874
Amarelo,0.005048543689320388,0.06536585365853659,0.872
Amarelo,0.005825242718446602,0.0702439024390244,0.87
Amarelo,0.005825242718446602,0.07414634146341463,0.868
Amarelo,0.005825242718446602,0.07707317073170732,0.866
Amarelo,0.006601941747572815,0.08195121951219513,0.864
Amarelo,0.006601941747572815,0.08487804878048781,0.862
Amarelo,0.006990291262135922,0.08780487804878048,0.86
Amarelo,0.006990291262135922,0.09073170731707317,0.858
Amarelo,0.006990291262135922,0.09463414634146342,0.856
Amarelo,0.007766990291262136,0.09853658536585366,0.854
Amarelo,0.007766990291262136,0.10341463414634146,0.852
Amarelo,0.008155339805825243,0.10634146341463414,0.85
Amarelo,0.00854368932038835,0.11121951219512195,0.848
Amarelo,0.00854368932038835,0.11707317073170732,0.842
Amarelo,0.00854368932038835,0.12878048780487805,0.838
Amarelo,0.008932038834951457,0.13365853658536586,0.836
Amarelo,0.009320388349514564,0.1375609756097561,0.834
Amarelo,0.009320388349514564,0.13951219512195123,0.832
Amarelo,0.009320388349514564,0.144390243902439,0.83
Amarelo,0.009320388349514564,0.14634146341463414,0.828
Amarelo,0.009708737864077669,0.1551219512195122,0.826
Amarelo,0.010097087378640776,0.15707317073170732,0.824
Amarelo,0.010097087378640776,0.1629268292682927,0.822
Amarelo,0.01087378640776699,0.16682926829268294,0.82
Amarelo,0.011650485436893204,0.16975609756097562,0.818
Amarelo,0.011650485436893204,0.17365853658536584,0.816
Amarelo,0.012038834951456311,0.18048780487804877,0.814
Amarelo,0.012038834951456311,0.18146341463414634,0.812
Amarelo,0.012038834951456311,0.18341463414634146,0.81
Amarelo,0.012038834951456311,0.18439024390243902,0.808
Amarelo,0.012038834951456311,0.18926829268292683,0.806
Amarelo,0.012427184466019418,0.1951219512195122,0.804
Amarelo,0.012427184466019418,0.2,0.802
Amarelo,0.012427184466019418,0.20390243902439023,0.8
Amarelo,0.012427184466019418,0.20878048780487804,0.798
Amarelo,0.012815533980582524,0.2126829268292683,0.796
Amarelo,0.012815533980582524,0.2175609756097561,0.794
Amarelo,0.01320388349514563,0.2253658536585366,0.792
Amarelo,0.013592233009708738,0.2302439024390244,0.79
Amarelo,0.013980582524271845,0.24097560975609755,0.788
Amarelo,0.014368932038834952,0.24682926829268292,0.786
Amarelo,0.014757281553398059,0.2546341463414634,0.784
Amarelo,0.015145631067961166,0.2575609756097561,0.782
Amarelo,0.015145631067961166,0.25853658536585367,0.78
Amarelo,0.015533980582524271,0.2604878048780488,0.778
Amarelo,0.015922330097087378,0.26634146341463416,0.776
Amarelo,0.016699029126213592,0.26634146341463416,0.774
Amarelo,0.016699029126213592,0.26926829268292685,0.772
Amarelo,0.0170873786407767,0.27219512195121953,0.77
Amarelo,0.017475728155339806,0.27414634146341466,0.768
Amarelo,0.017864077669902913,0.27902439024390246,0.766
Amarelo,0.017864077669902913,0.28292682926829266,0.764
Amarelo,0.017864077669902913,0.2839024390243902,0.762
Amarelo,0.017864077669902913,0.28780487804878047,0.76
Amarelo,0.017864077669902913,0.2897560975609756,0.758
Amarelo,0.01825242718446602,0.2917073170731707,0.756
Amarelo,0.018640776699029128,0.2946341463414634,0.754
Amarelo,0.019029126213592235,0.2965853658536585,0.752
Amarelo,0.019029126213592235,0.2975609756097561,0.75
Amarelo,0.019029126213592235,0.30048780487804877,0.748
Amarelo,0.019029126213592235,0.30634146341463414,0.746
Amarelo,0.019417475728155338,0.3092682926829268,0.744
Amarelo,0.019417475728155338,0.3121951219512195,0.742
Amarelo,0.019805825242718445,0.31609756097560976,0.74
Amarelo,0.02058252427184466,0.3180487804878049,0.738
Amarelo,0.02058252427184466,0.32,0.736
Amarelo,0.02058252427184466,0.3229268292682927,0.734
Amarelo,0.020970873786407766,0.32682926829268294,0.732
Amarelo,0.020970873786407766,0.32878048780487806,0.73
Amarelo,0.020970873786407766,0.3336585365853659,0.728
Amarelo,0.021359223300970873,0.33658536585365856,0.726
Amarelo,0.02174757281553398,0.3375609756097561,0.724
Amarelo,0.022135922330097087,0.34243902439024393,0.722
Amarelo,0.022135922330097087,0.34536585365853656,0.72
Amarelo,0.0229126213592233,0.3492682926829268,0.718
Amarelo,0.02330097087378641,0.3570731707317073,0.716
Amarelo,0.023689320388349516,0.36097560975609755,0.714
Amarelo,0.024077669902912623,0.3619512195121951,0.712
Amarelo,0.024854368932038837,0.3678048780487805,0.708
Amarelo,0.024854368932038837,0.3726829268292683,0.706
Amarelo,0.026019417475728154,0.37658536585365854,0.704
Amarelo,0.026019417475728154,0.37853658536585366,0.702
Amarelo,0.026019417475728154,0.3824390243902439,0.7
Amarelo,0.026019417475728154,0.38439024390243903,0.698
Amarelo,0.02679611650485437,0.38634146341463416,0.696
Amarelo,0.02679611650485437,0.3873170731707317,0.694
Amarelo,0.027572815533980582,0.3902439024390244,0.692
Amarelo,0.027572815533980582,0.39414634146341465,0.69
Amarelo,0.02796116504854369,0.39902439024390246,0.688
Amarelo,0.02796116504854369,0.40487804878048783,0.686
Amarelo,0.028349514563106797,0.408780487804878,0.684
Amarelo,0.028737864077669904,0.4117073170731707,0.682
Amarelo,0.029514563106796118,0.4175609756097561,0.68
Amarelo,0.029514563106796118,0.42341463414634145,0.678
Amarelo,0.029514563106796118,0.4273170731707317,0.676
Amarelo,0.030291262135922332,0.4292682926829268,0.672
Amarelo,0.030291262135922332,0.43121951219512195,0.67
Amarelo,0.030679611650485435,0.43317073170731707,0.668
Amarelo,0.03145631067961165,0.43414634146341463,0.666
Amarelo,0.03145631067961165,0.43609756097560975,0.664
Amarelo,0.031844660194174756,0.4370731707317073,0.662
Amarelo,0.03223300970873787,0.43902439024390244,0.66
Amarelo,0.03300970873786408,0.4419512195121951,0.658
Amarelo,0.033398058252427185,0.44682926829268294,0.656
Amarelo,0.03378640776699029,0.4526829268292683,0.654
Amarelo,0.03495145631067961,0.45463414634146343,0.652
Amarelo,0.03495145631067961,0.455609756097561,0.65
Amarelo,0.035339805825242716,0.45658536585365855,0.648
Amarelo,0.03572815533980583,0.4604878048780488,0.646
Amarelo,0.03572815533980583,0.46146341463414636,0.644
Amarelo,0.03650485436893204,0.4634146341463415,0.64
Amarelo,0.037281553398058255,0.4634146341463415,0.638
Amarelo,0.03805825242718447,0.4712195121951219,0.636
Amarelo,0.03844660194174757,0.4741463414634146,0.634
Amarelo,0.03844660194174757,0.47609756097560973,0.632
Amarelo,0.038834951456310676,0.48097560975609754,0.63
Amarelo,0.038834951456310676,0.48292682926829267,0.628
Amarelo,0.03922330097087379,0.4848780487804878,0.626
Amarelo,0.03922330097087379,0.4897560975609756,0.624
Amarelo,0.03922330097087379,0.4926829268292683,0.622
Amarelo,0.03922330097087379,0.49658536585365853,0.62
Amarelo,0.04,0.4975609756097561,0.618
Amarelo,0.040776699029126215,0.4995121951219512,0.616
Amarelo,0.04116504854368932,0.5004878048780488,0.614
Amarelo,0.04155339805825243,0.504390243902439,0.612
Amarelo,0.04194174757281553,0.5063414634146342,0.608
Amarelo,0.04233009708737864,0.5073170731707317,0.606
Amarelo,0.04233009708737864,0.5131707317073171,0.604
Amarelo,0.04271844660194175,0.5141463414634146,0.602
Amarelo,0.04271844660194175,0.5180487804878049,0.6
Amarelo,0.04310679611650486,0.5209756097560976,0.598
Amarelo,0.04388349514563107,0.5219512195121951,0.596
Amarelo,0.044271844660194175,0.5229268292682927,0.594
Amarelo,0.044271844660194175,0.5287804878048781,0.592
Amarelo,0.04466019417475728,0.5317073170731708,0.59
Amarelo,0.04466019417475728,0.5346341463414634,0.588
Amarelo,0.04504854368932039,0.5375609756097561,0.586
Amarelo,0.04504854368932039,0.5434146341463415,0.582
Amarelo,0.04504854368932039,0.5473170731707317,0.578
Amarelo,0.04504854368932039,0.5521951219512196,0.576
Amarelo,0.04504854368932039,0.5531707317073171,0.574
Amarelo,0.04543689320388349,0.5570731707317074,0.572
Amarelo,0.0458252427184466,0.56,0.57
Amarelo,0.0458252427184466,0.5639024390243902,0.568
Amarelo,0.04660194174757282,0.5668292682926829,0.566
Amarelo,0.04660194174757282,0.5697560975609756,0.564
Amarelo,0.04737864077669903,0.5717073170731707,0.562
Amarelo,0.04737864077669903,0.5795121951219512,0.558
Amarelo,0.047766990291262135,0.5804878048780487,0.556
Amarelo,0.04893203883495146,0.5834146341463414,0.554
Amarelo,0.04970873786407767,0.584390243902439,0.552
Amarelo,0.04970873786407767,0.5863414634146341,0.55
Amarelo,0.05009708737864078,0.5882926829268292,0.546
Amarelo,0.05048543689320388,0.593170731707317,0.544
Amarelo,0.051262135922330095,0.5951219512195122,0.542
Amarelo,0.05242718446601942,0.5960975609756097,0.54
Amarelo,0.05320388349514563,0.6,0.536
Amarelo,0.05320388349514563,0.6039024390243902,0.532
Amarelo,0.05398058252427185,0.6058536585365853,0.528
Amarelo,0.05398058252427185,0.6068292682926829,0.526
Amarelo,0.05436893203883495,0.6107317073170732,0.524
Amarelo,0.05475728155339806,0.6117073170731707,0.522
Amarelo,0.05592233009708738,0.6126829268292683,0.52
Amarelo,0.05631067961165048,0.6126829268292683,0.518
Amarelo,0.05669902912621359,0.6146341463414634,0.516
Amarelo,0.0570873786407767,0.615609756097561,0.514
Amarelo,0.05747572815533981,0.615609756097561,0.512
Amarelo,0.05825242718446602,0.6195121951219512,0.51
Amarelo,0.058640776699029125,0.6214634146341463,0.508
Amarelo,0.058640776699029125,0.6234146341463415,0.506
Amarelo,0.058640776699029125,0.624390243902439,0.504
Amarelo,0.059029126213592235,0.6263414634146341,0.502
Amarelo,0.05941747572815534,0.6302439024390244,0.5
Amarelo,0.06019417475728155,0.631219512195122,0.498
Amarelo,0.06019417475728155,0.6351219512195122,0.496
Amarelo,0.060582524271844664,0.6370731707317073,0.494
Amarelo,0.060582524271844664,0.6380487804878049,0.492
Amarelo,0.06097087378640777,0.6390243902439025,0.49
Amarelo,0.06174757281553398,0.6409756097560976,0.488
Amarelo,0.062135922330097085,0.6429268292682927,0.486
Amarelo,0.0633009708737864,0.6439024390243903,0.484
Amarelo,0.06368932038834951,0.6448780487804878,0.482
Amarelo,0.06446601941747573,0.6458536585365854,0.48
Amarelo,0.06446601941747573,0.646829268292683,0.478
Amarelo,0.06485436893203883,0.6478048780487805,0.476
Amarelo,0.06524271844660194,0.6478048780487805,0.474
Amarelo,0.06524271844660194,0.6487804878048781,0.472
Amarelo,0.06524271844660194,0.6507317073170732,0.47
Amarelo,0.06640776699029126,0.6526829268292683,0.468
Amarelo,0.06718446601941748,0.6536585365853659,0.466
Amarelo,0.06757281553398058,0.6546341463414634,0.464
Amarelo,0.06757281553398058,0.655609756097561,0.46
Amarelo,0.06796116504854369,0.655609756097561,0.458
Amarelo,0.06873786407766991,0.655609756097561,0.456
Amarelo,0.06951456310679612,0.6575609756097561,0.454
Amarelo,0.07029126213592234,0.6585365853658537,0.452
Amarelo,0.07029126213592234,0.6595121951219513,0.45
Amarelo,0.07067961165048543,0.6624390243902439,0.448
Amarelo,0.07184466019417475,0.6634146341463415,0.446
Amarelo,0.07223300970873786,0.6643902439024391,0.444
Amarelo,0.07300970873786408,0.6643902439024391,0.442
Amarelo,0.07300970873786408,0.6682926829268293,0.44
Amarelo,0.07456310679611651,0.671219512195122,0.438
Amarelo,0.07456310679611651,0.6721951219512196,0.436
Amarelo,0.07456310679611651,0.6751219512195122,0.434
Amarelo,0.07533980582524272,0.6751219512195122,0.432
Amarelo,0.07572815533980583,0.6770731707317074,0.43
Amarelo,0.07611650485436894,0.6770731707317074,0.428
Amarelo,0.07650485436893203,0.6780487804878049,0.426
Amarelo,0.07650485436893203,0.6790243902439025,0.424
Amarelo,0.07650485436893203,0.6829268292682927,0.422
Amarelo,0.07689320388349515,0.6839024390243903,0.42
Amarelo,0.07766990291262135,0.6858536585365854,0.418
Amarelo,0.07883495145631068,0.6858536585365854,0.416
Amarelo,0.07961165048543689,0.6858536585365854,0.414
Amarelo,0.08,0.6897560975609756,0.412
Amarelo,0.08077669902912621,0.6936585365853658,0.408
Amarelo,0.08116504854368932,0.6946341463414634,0.406
Amarelo,0.08271844660194175,0.697560975609756,0.404
Amarelo,0.08310679611650486,0.6995121951219512,0.402
Amarelo,0.08349514563106795,0.6995121951219512,0.4
Amarelo,0.08427184466019418,0.7004878048780487,0.398
Amarelo,0.0854368932038835,0.7014634146341463,0.396
Amarelo,0.08776699029126214,0.7024390243902439,0.394
Amarelo,0.08932038834951456,0.7053658536585365,0.392
Amarelo,0.08970873786407767,0.7063414634146341,0.39
Amarelo,0.09048543689320389,0.7073170731707317,0.388
Amarelo,0.09087378640776698,0.7073170731707317,0.384
Amarelo,0.0916504854368932,0.7073170731707317,0.382
Amarelo,0.09203883495145632,0.7082926829268292,0.38
Amarelo,0.09242718446601941,0.7102439024390244,0.378
Amarelo,0.09320388349514563,0.7112195121951219,0.374
Amarelo,0.09475728155339806,0.7112195121951219,0.372
Amarelo,0.09631067961165049,0.713170731707317,0.37
Amarelo,0.0970873786407767,0.7141463414634146,0.368
Amarelo,0.09825242718446602,0.7151219512195122,0.366
Amarelo,0.09864077669902913,0.7160975609756097,0.364
Amarelo,0.10019417475728155,0.7180487804878048,0.362
Amarelo,0.10174757281553398,0.7180487804878048,0.36
Amarelo,0.10213592233009709,0.7190243902439024,0.358
Amarelo,0.1029126213592233,0.7190243902439024,0.356
Amarelo,0.10330097087378641,0.7190243902439024,0.354
Amarelo,0.10368932038834952,0.72,0.352
Amarelo,0.10446601941747573,0.7209756097560975,0.35
Amarelo,0.10601941747572816,0.7209756097560975,0.348
Amarelo,0.10679611650485436,0.7219512195121951,0.346
Amarelo,0.10679611650485436,0.7248780487804878,0.344
Amarelo,0.1087378640776699,0.7278048780487805,0.34
Amarelo,0.11029126213592233,0.7278048780487805,0.338
Amarelo,0.11067961165048544,0.728780487804878,0.334
Amarelo,0.11145631067961165,0.7307317073170732,0.332
Amarelo,0.11184466019417476,0.7307317073170732,0.33
Amarelo,0.11300970873786408,0.7307317073170732,0.328
Amarelo,0.11495145631067961,0.7326829268292683,0.326
Amarelo,0.11572815533980582,0.7346341463414634,0.324
Amarelo,0.11611650485436893,0.7365853658536585,0.322
Amarelo,0.11689320388349514,0.7365853658536585,0.32
Amarelo,0.11883495145631068,0.7365853658536585,0.318
Amarelo,0.12,0.7365853658536585,0.316
Amarelo,0.12116504854368933,0.7375609756097561,0.314
Amarelo,0.12194174757281553,0.7404878048780488,0.312
Amarelo,0.12233009708737864,0.7414634146341463,0.31
Amarelo,0.12310679611650485,0.7414634146341463,0.308
Amarelo,0.12427184466019417,0.7424390243902439,0.306
Amarelo,0.1262135922330097,0.7424390243902439,0.304
Amarelo,0.12815533980582525,0.744390243902439,0.302
Amarelo,0.12970873786407766,0.744390243902439,0.3
Amarelo,0.13048543689320388,0.7463414634146341,0.298
Amarelo,0.13203883495145632,0.7463414634146341,0.296
Amarelo,0.13359223300970874,0.7473170731707317,0.294
Amarelo,0.13475728155339806,0.7492682926829268,0.292
Amarelo,0.1366990291262136,0.751219512195122,0.29
Amarelo,0.1378640776699029,0.7531707317073171,0.286
Amarelo,0.14058252427184467,0.7541463414634146,0.284
Amarelo,0.1421359223300971,0.7551219512195122,0.282
Amarelo,0.14679611650485436,0.7551219512195122,0.28
Amarelo,0.1487378640776699,0.7560975609756098,0.278
Amarelo,0.1499029126213592,0.7570731707317073,0.276
Amarelo,0.15145631067961166,0.7570731707317073,0.274
Amarelo,0.1541747572815534,0.7570731707317073,0.272
Amarelo,0.1549514563106796,0.7580487804878049,0.27
Amarelo,0.1596116504854369,0.76,0.266
Amarelo,0.16,0.7609756097560976,0.264
Amarelo,0.16310679611650486,0.7629268292682927,0.262
Amarelo,0.16854368932038835,0.7648780487804878,0.258
Amarelo,0.16970873786407767,0.7658536585365854,0.256
Amarelo,0.1712621359223301,0.7678048780487805,0.254
Amarelo,0.17398058252427184,0.7687804878048781,0.252
Amarelo,0.17475728155339806,0.7687804878048781,0.25
Amarelo,0.1770873786407767,0.7697560975609756,0.248
Amarelo,0.18019417475728156,0.7697560975609756,0.246
Amarelo,0.1836893203883495,0.7707317073170732,0.244
Amarelo,0.18757281553398059,0.7726829268292683,0.242
Amarelo,0.19029126213592232,0.7746341463414634,0.24
Amarelo,0.19262135922330098,0.775609756097561,0.238
Amarelo,0.19572815533980584,0.7785365853658537,0.236
Amarelo,0.19844660194174757,0.7795121951219512,0.234
Amarelo,0.2007766990291262,0.7804878048780488,0.232
Amarelo,0.20349514563106796,0.7814634146341464,0.23
Amarelo,0.20699029126213592,0.7814634146341464,0.228
Amarelo,0.21009708737864077,0.7834146341463415,0.224
Amarelo,0.21281553398058253,0.7834146341463415,0.222
Amarelo,0.21475728155339807,0.784390243902439,0.22
Amarelo,0.21825242718446602,0.7882926829268293,0.218
Amarelo,0.22135922330097088,0.7902439024390244,0.216
Amarelo,0.22524271844660193,0.791219512195122,0.214
Amarelo,0.23067961165048545,0.7921951219512195,0.212
Amarelo,0.23262135922330096,0.7921951219512195,0.21
Amarelo,0.23650485436893204,0.7941463414634147,0.208
Amarelo,0.2407766990291262,0.7951219512195122,0.206
Amarelo,0.24310679611650485,0.7960975609756098,0.204
Amarelo,0.24932038834951456,0.7960975609756098,0.202
Amarelo,0.2516504854368932,0.7970731707317074,0.2
Amarelo,0.2563106796116505,0.7980487804878049,0.198
Amarelo,0.2625242718446602,0.7990243902439025,0.196
Amarelo,0.26524271844660197,0.8009756097560976,0.194
Amarelo,0.2695145631067961,0.8009756097560976,0.192
Amarelo,0.2757281553398058,0.8019512195121952,0.19
Amarelo,0.2796116504854369,0.8029268292682927,0.188
Amarelo,0.2877669902912621,0.8048780487804879,0.186
Amarelo,0.29398058252427184,0.806829268292683,0.184
Amarelo,0.2970873786407767,0.8107317073170732,0.182
Amarelo,0.301747572815534,0.8126829268292682,0.18
Amarelo,0.3079611650485437,0.8146341463414634,0.178
Amarelo,0.312621359223301,0.8165853658536585,0.176
Amarelo,0.31766990291262137,0.817560975609756,0.174
Amarelo,0.3219417475728155,0.8185365853658536,0.172
Amarelo,0.32815533980582523,0.8214634146341463,0.17
Amarelo,0.3374757281553398,0.8214634146341463,0.168
Amarelo,0.34135922330097085,0.8214634146341463,0.166
Amarelo,0.34679611650485437,0.8234146341463414,0.164
Amarelo,0.3549514563106796,0.824390243902439,0.162
Amarelo,0.3623300970873786,0.8263414634146341,0.16
Amarelo,0.36854368932038833,0.8282926829268292,0.158
Amarelo,0.3766990291262136,0.8282926829268292,0.156
Amarelo,0.38485436893203884,0.8321951219512195,0.154
Amarelo,0.392621359223301,0.8321951219512195,0.152
Amarelo,0.4015533980582524,0.8370731707317073,0.15
Amarelo,0.40737864077669905,0.8390243902439024,0.148
Amarelo,0.4155339805825243,0.84,0.146
Amarelo,0.42330097087378643,0.8409756097560975,0.144
Amarelo,0.43145631067961165,0.8458536585365853,0.142
Amarelo,0.44,0.8468292682926829,0.14
Amarelo,0.44970873786407767,0.8478048780487805,0.138
Amarelo,0.45864077669902914,0.848780487804878,0.136
Amarelo,0.46601941747572817,0.848780487804878,0.134
Amarelo,0.4784466019417476,0.8507317073170731,0.132
Amarelo,0.48854368932038833,0.8526829268292683,0.13
Amarelo,0.4974757281553398,0.8595121951219512,0.128
Amarelo,0.5067961165048543,0.8614634146341463,0.126
Amarelo,0.5133980582524272,0.8663414634146341,0.124
Amarelo,0.5246601941747573,0.8702439024390244,0.122
Amarelo,0.5370873786407767,0.8731707317073171,0.12
Amarelo,0.5429126213592232,0.8760975609756098,0.118
Amarelo,0.5518446601941748,0.8809756097560976,0.116
Amarelo,0.5646601941747573,0.8819512195121951,0.114
Amarelo,0.574368932038835,0.8848780487804878,0.112
Amarelo,0.5840776699029127,0.8917073170731707,0.11
Amarelo,0.5945631067961165,0.8995121951219512,0.108
Amarelo,0.6050485436893204,0.9024390243902439,0.106
Amarelo,0.6170873786407767,0.911219512195122,0.104
Amarelo,0.6318446601941747,0.9141463414634147,0.102
Amarelo,0.6446601941747573,0.9151219512195122,0.1
Amarelo,0.654368932038835,0.9180487804878049,0.098
Amarelo,0.6675728155339806,0.9219512195121952,0.096
Amarelo,0.6796116504854369,0.9248780487804878,0.094
Amarelo,0.6912621359223301,0.9307317073170732,0.092
Amarelo,0.7033009708737864,0.9317073170731708,0.09
Amarelo,0.7157281553398058,0.9336585365853659,0.088
Amarelo,0.7281553398058253,0.9346341463414635,0.086
Amarelo,0.7363106796116505,0.9395121951219512,0.084
Amarelo,0.7499029126213592,0.9424390243902439,0.082
Amarelo,0.7603883495145631,0.9434146341463414,0.08
Amarelo,0.7685436893203883,0.9473170731707317,0.078
Amarelo,0.7732038834951457,0.9492682926829268,0.076
Amarelo,0.781747572815534,0.9502439024390243,0.074
Amarelo,0.7918446601941748,0.9541463414634146,0.072
Amarelo,0.8007766990291262,0.96,0.07
Amarelo,0.8112621359223301,0.9629268292682926,0.068
Amarelo,0.8233009708737864,0.9668292682926829,0.066
Amarelo,0.8368932038834952,0.9707317073170731,0.064
Amarelo,0.8466019417475729,0.975609756097561,0.062
Amarelo,0.8559223300970874,0.9795121951219512,0.06
Amarelo,0.8644660194174757,0.9795121951219512,0.058
Amarelo,0.8695145631067961,0.9804878048780488,0.056
Amarelo,0.8792233009708738,0.9824390243902439,0.054
Amarelo,0.8889320388349514,0.9863414634146341,0.052
Amarelo,0.8974757281553398,0.9902439024390244,0.05
Amarelo,0.9036893203883495,0.9902439024390244,0.048
Amarelo,0.9099029126213592,0.9912195121951219,0.046
Amarelo,0.9133980582524271,0.9931707317073171,0.044
Amarelo,0.9172815533980583,0.9951219512195122,0.042
Amarelo,0.9231067961165048,0.9960975609756098,0.04
Amarelo,0.9266019417475728,0.9980487804878049,0.038
Amarelo,0.9316504854368932,0.9980487804878049,0.036
Amarelo,0.9378640776699029,1.0,0.032
Amarelo,0.9436893203883495,1.0,0.03
Amarelo,0.9475728155339805,1.0,0.028
Amarelo,0.9487378640776699,1.0,0.026
Amarelo,0.9514563106796117,1.0,0.024
Amarelo,0.9530097087378641,1.0,0.022
Amarelo,0.9557281553398058,1.0,0.02
Amarelo,0.9576699029126213,1.0,0.018
Amarelo,0.96,1.0,0.016
Amarelo,0.9638834951456311,1.0,0.014
Amarelo,0.9658252427184466,1.0,0.012
Amarelo,0.9700970873786408,1.0,0.01
Amarelo,0.9732038834951456,1.0,0.008
Amarelo,0.9790291262135923,1.0,0.006
Amarelo,0.9852427184466019,1.0,0.004
Amarelo,0.9895145631067961,1.0,0.002
Amarelo,1.0,1.0,0.0
Laranja,0.0,0.0,inf
Laranja,0.0,0.0018248175182481751,0.946
Laranja,0.0,0.005474452554744526,0.944
Laranja,0.0,0.0072992700729927005,0.938
Laranja,0.0,0.012773722627737226,0.934
Laranja,0.0,0.016423357664233577,0.93
Laranja,0.0,0.020072992700729927,0.928
Laranja,0.0,0.025547445255474453,0.926
Laranja,0.0,0.029197080291970802,0.922
Laranja,0.0,0.0364963503649635,0.918
Laranja,0.000327653997378768,0.03832116788321168,0.916
Laranja,0.000655307994757536,0.041970802919708027,0.914
Laranja,0.000655307994757536,0.04562043795620438,0.912
Laranja,0.000982961992136304,0.04744525547445255,0.91
Laranja,0.000982961992136304,0.06204379562043796,0.906
Laranja,0.000982961992136304,0.06751824817518248,0.904
Laranja,0.000982961992136304,0.072992700729927,0.898
Laranja,0.000982961992136304,0.08759124087591241,0.896
Laranja,0.001310615989515072,0.09124087591240876,0.894
Laranja,0.001310615989515072,0.0948905109489051,0.892
Laranja,0.001310615989515072,0.09671532846715329,0.89
Laranja,0.001310615989515072,0.10218978102189781,0.888
Laranja,0.00163826998689384,0.10401459854014598,0.886
Laranja,0.00163826998689384,0.10766423357664233,0.884
Laranja,0.001965923984272608,0.11131386861313869,0.88
Laranja,0.001965923984272608,0.11861313868613138,0.878
Laranja,0.001965923984272608,0.15145985401459855,0.872
Laranja,0.001965923984272608,0.15328467153284672,0.87
Laranja,0.001965923984272608,0.15693430656934307,0.868
Laranja,0.0022935779816513763,0.15693430656934307,0.866
Laranja,0.002621231979030144,0.16058394160583941,0.864
Laranja,0.002621231979030144,0.16423357664233576,0.862
Laranja,0.002621231979030144,0.16605839416058393,0.86
Laranja,0.002621231979030144,0.17153284671532848,0.858
Laranja,0.002621231979030144,0.17518248175182483,0.856
Laranja,0.002948885976408912,0.18065693430656934,0.854
Laranja,0.00327653997378768,0.18065693430656934,0.852
Laranja,0.00327653997378768,0.1897810218978102,0.85
Laranja,0.00327653997378768,0.19343065693430658,0.848
Laranja,0.00327653997378768,0.20072992700729927,0.846
Laranja,0.00327653997378768,0.2116788321167883,0.842
Laranja,0.00327653997378768,0.2208029197080292,0.84
Laranja,0.00327653997378768,0.22445255474452555,0.838
Laranja,0.0036041939711664484,0.23357664233576642,0.836
Laranja,0.003931847968545216,0.24087591240875914,0.834
Laranja,0.004259501965923985,0.24635036496350365,0.832
Laranja,0.004259501965923985,0.2518248175182482,0.83
Laranja,0.004259501965923985,0.25547445255474455,0.828
Laranja,0.004259501965923985,0.26094890510948904,0.826
Laranja,0.004259501965923985,0.26824817518248173,0.824
Laranja,0.004259501965923985,0.2718978102189781,0.82
Laranja,0.004259501965923985,0.2791970802919708,0.818
Laranja,0.004259501965923985,0.28832116788321166,0.816
Laranja,0.0045871559633027525,0.2956204379562044,0.814
Laranja,0.0049148099606815205,0.3010948905109489,0.812
Laranja,0.0049148099606815205,0.30656934306569344,0.81
Laranja,0.0049148099606815205,0.3102189781021898,0.808
Laranja,0.005570117955439056,0.3193430656934307,0.806
Laranja,0.005897771952817824,0.3284671532846715,0.804
Laranja,0.00655307994757536,0.3357664233576642,0.802
Laranja,0.00655307994757536,0.34306569343065696,0.798
Laranja,0.00655307994757536,0.3521897810218978,0.796
Laranja,0.006880733944954129,0.35766423357664234,0.794
Laranja,0.007208387942332897,0.35766423357664234,0.792
Laranja,0.007208387942332897,0.3613138686131387,0.79
Laranja,0.007536041939711665,0.36678832116788324,0.788
Laranja,0.007536041939711665,0.3740875912408759,0.786
Laranja,0.007536041939711665,0.3905109489051095,0.78
Laranja,0.007536041939711665,0.39233576642335766,0.778
Laranja,0.007536041939711665,0.3978102189781022,0.776
Laranja,0.007536041939711665,0.41058394160583944,0.774
Laranja,0.007536041939711665,0.4142335766423358,0.772
Laranja,0.007536041939711665,0.4197080291970803,0.77
Laranja,0.007863695937090432,0.4251824817518248,0.768
Laranja,0.007863695937090432,0.42883211678832117,0.766
Laranja,0.007863695937090432,0.43795620437956206,0.764
Laranja,0.0081913499344692,0.4470802919708029,0.762
Laranja,0.0081913499344692,0.458029197080292,0.758
Laranja,0.00851900393184797,0.46167883211678834,0.756
Laranja,0.00851900393184797,0.46715328467153283,0.754
Laranja,0.00851900393184797,0.4744525547445255,0.752
Laranja,0.008846657929226736,0.4835766423357664,0.75
Laranja,0.009174311926605505,0.4835766423357664,0.748
Laranja,0.009174311926605505,0.4981751824817518,0.744
Laranja,0.009174311926605505,0.5,0.742
Laranja,0.009174311926605505,0.5091240875912408,0.74
Laranja,0.009174311926605505,0.5109489051094891,0.738
Laranja,0.009174311926605505,0.5164233576642335,0.736
Laranja,0.009174311926605505,0.5200729927007299,0.734
Laranja,0.009174311926605505,0.5273722627737226,0.732
Laranja,0.009501965923984272,0.5273722627737226,0.73
Laranja,0.009829619921363041,0.5346715328467153,0.728
Laranja,0.009829619921363041,0.5364963503649635,0.726
Laranja,0.010484927916120577,0.5401459854014599,0.722
Laranja,0.010812581913499346,0.5474452554744526,0.72
Laranja,0.010812581913499346,0.5529197080291971,0.718
Laranja,0.010812581913499346,0.5547445255474452,0.716
Laranja,0.010812581913499346,0.5620437956204379,0.714
Laranja,0.011140235910878113,0.5638686131386861,0.712
Laranja,0.011467889908256881,0.5638686131386861,0.71
Laranja,0.012123197903014417,0.5693430656934306,0.708
Laranja,0.012123197903014417,0.572992700729927,0.706
Laranja,0.012450851900393184,0.5748175182481752,0.704
Laranja,0.012450851900393184,0.5784671532846716,0.702
Laranja,0.012778505897771953,0.5857664233576643,0.7
Laranja,0.012778505897771953,0.5948905109489051,0.698
Laranja,0.012778505897771953,0.5985401459854015,0.696
Laranja,0.01310615989515072,0.6021897810218978,0.694
Laranja,0.01310615989515072,0.6058394160583942,0.692
Laranja,0.01310615989515072,0.6076642335766423,0.69
Laranja,0.01310615989515072,0.6131386861313869,0.688
Laranja,0.01310615989515072,0.6167883211678832,0.684
Laranja,0.013433813892529489,0.6186131386861314,0.682
Laranja,0.013761467889908258,0.6186131386861314,0.68
Laranja,0.013761467889908258,0.6204379562043796,0.678
Laranja,0.013761467889908258,0.6240875912408759,0.676
Laranja,0.013761467889908258,0.6259124087591241,0.674
Laranja,0.014089121887287025,0.6295620437956204,0.672
Laranja,0.014089121887287025,0.6313868613138686,0.668
Laranja,0.01474442988204456,0.6459854014598541,0.662
Laranja,0.01474442988204456,0.6478102189781022,0.66
Laranja,0.01507208387942333,0.6478102189781022,0.658
Laranja,0.01507208387942333,0.6551094890510949,0.654
Laranja,0.015727391874180863,0.6624087591240876,0.652
Laranja,0.01703800786369594,0.666058394160584,0.65
Laranja,0.017365661861074706,0.6678832116788321,0.648
Laranja,0.017693315858453473,0.6733576642335767,0.644
Laranja,0.019003931847968544,0.6751824817518248,0.642
Laranja,0.019659239842726082,0.6806569343065694,0.638
Laranja,0.019659239842726082,0.6843065693430657,0.636
Laranja,0.019659239842726082,0.6879562043795621,0.626
Laranja,0.019659239842726082,0.6916058394160584,0.624
Laranja,0.019659239842726082,0.6970802919708029,0.616
Laranja,0.01998689384010485,0.7007299270072993,0.612
Laranja,0.01998689384010485,0.7025547445255474,0.61
Laranja,0.020642201834862386,0.708029197080292,0.604
Laranja,0.020969855832241154,0.708029197080292,0.602
Laranja,0.02162516382699869,0.7153284671532847,0.6
Laranja,0.021952817824377458,0.718978102189781,0.598
Laranja,0.021952817824377458,0.7208029197080292,0.596
Laranja,0.021952817824377458,0.7262773722627737,0.592
Laranja,0.021952817824377458,0.7317518248175182,0.584
Laranja,0.021952817824377458,0.7390510948905109,0.582
Laranja,0.021952817824377458,0.7408759124087592,0.578
Laranja,0.022280471821756225,0.7427007299270073,0.576
Laranja,0.022608125819134992,0.7463503649635036,0.572
Laranja,0.02326343381389253,0.7463503649635036,0.568
Laranja,0.02326343381389253,0.7518248175182481,0.562
Laranja,0.02326343381389253,0.7554744525547445,0.558
Laranja,0.023591087811271297,0.7591240875912408,0.554
Laranja,0.023918741808650064,0.7591240875912408,0.552
Laranja,0.0245740498034076,0.7591240875912408,0.55
Laranja,0.0245740498034076,0.7627737226277372,0.548
Laranja,0.02490170380078637,0.7645985401459854,0.544
Laranja,0.02490170380078637,0.7700729927007299,0.536
Laranja,0.02490170380078637,0.7737226277372263,0.534
Laranja,0.02522935779816514,0.7755474452554745,0.532
Laranja,0.025557011795543906,0.7755474452554745,0.53
Laranja,0.025557011795543906,0.7791970802919708,0.528
Laranja,0.025557011795543906,0.781021897810219,0.526
Laranja,0.025884665792922673,0.781021897810219,0.524
Laranja,0.02653997378768021,0.7828467153284672,0.52
Laranja,0.02653997378768021,0.7864963503649635,0.516
Laranja,0.026867627785058978,0.7883211678832117,0.514
Laranja,0.026867627785058978,0.7901459854014599,0.51
Laranja,0.027522935779816515,0.7901459854014599,0.504
Laranja,0.027522935779816515,0.791970802919708,0.502
Laranja,0.027850589777195282,0.7937956204379562,0.498
Laranja,0.02817824377457405,0.7937956204379562,0.496
Laranja,0.028505897771952816,0.7992700729927007,0.494
Laranja,0.028833551769331587,0.801094890510949,0.492
Laranja,0.029161205766710354,0.801094890510949,0.486
Laranja,0.029161205766710354,0.8029197080291971,0.484
Laranja,0.029161205766710354,0.8065693430656934,0.482
Laranja,0.03014416775884666,0.8065693430656934,0.474
Laranja,0.030471821756225426,0.8083941605839416,0.472
Laranja,0.030799475753604193,0.8083941605839416,0.47
Laranja,0.03145478374836173,0.8083941605839416,0.468
Laranja,0.03145478374836173,0.8102189781021898,0.466
Laranja,0.0317824377457405,0.8120437956204379,0.464
Laranja,0.03211009174311927,0.8175182481751825,0.462
Laranja,0.0327653997378768,0.8193430656934306,0.458
Laranja,0.0327653997378768,0.8211678832116789,0.454
Laranja,0.033420707732634336,0.8211678832116789,0.448
Laranja,0.033420707732634336,0.8248175182481752,0.442
Laranja,0.0337483617300131,0.8248175182481752,0.438
Laranja,0.034403669724770644,0.8266423357664233,0.436
Laranja,0.03473132372214941,0.8266423357664233,0.434
Laranja,0.03473132372214941,0.8284671532846716,0.428
Laranja,0.03505897771952818,0.8302919708029197,0.426
Laranja,0.03571428571428571,0.8302919708029197,0.424
Laranja,0.03571428571428571,0.8321167883211679,0.418
Laranja,0.03604193971166448,0.8321167883211679,0.414
Laranja,0.03636959370904325,0.833941605839416,0.412
Laranja,0.037352555701179554,0.833941605839416,0.408
Laranja,0.03800786369593709,0.8375912408759124,0.404
Laranja,0.038335517693315856,0.8394160583941606,0.402
Laranja,0.03866317169069463,0.8394160583941606,0.4
Laranja,0.039318479685452164,0.8412408759124088,0.398
Laranja,0.03964613368283093,0.8412408759124088,0.392
Laranja,0.0399737876802097,0.8467153284671532,0.39
Laranja,0.04062909567496723,0.8467153284671532,0.388
Laranja,0.04062909567496723,0.8485401459854015,0.386
Laranja,0.04193971166448231,0.8521897810218978,0.382
Laranja,0.04193971166448231,0.8540145985401459,0.38
Laranja,0.042267365661861074,0.8558394160583942,0.376
Laranja,0.042267365661861074,0.8576642335766423,0.374
Laranja,0.04423328964613368,0.8576642335766423,0.362
Laranja,0.045216251638269984,0.8576642335766423,0.354
Laranja,0.04619921363040629,0.8576642335766423,0.352
Laranja,0.047182175622542594,0.8594890510948905,0.35
Laranja,0.04750982961992136,0.8594890510948905,0.348
Laranja,0.0481651376146789,0.8594890510948905,0.346
Laranja,0.048820445609436436,0.8613138686131386,0.344
Laranja,0.050131061598951504,0.8613138686131386,0.342
Laranja,0.05144167758846658,0.864963503649635,0.338
Laranja,0.051769331585845346,0.864963503649635,0.336
Laranja,0.05307994757536042,0.8667883211678832,0.334
Laranja,0.05340760157273919,0.8686131386861314,0.332
Laranja,0.053735255570117955,0.8686131386861314,0.33
Laranja,0.05439056356487549,0.8686131386861314,0.328
Laranja,0.05471821756225426,0.8686131386861314,0.326
Laranja,0.0553735255570118,0.8722627737226277,0.324
Laranja,0.05733944954128441,0.8722627737226277,0.316
Laranja,0.05832241153342071,0.8740875912408759,0.314
Laranja,0.058650065530799475,0.8740875912408759,0.312
Laranja,0.05897771952817824,0.8777372262773723,0.31
Laranja,0.05963302752293578,0.8777372262773723,0.308
Laranja,0.060615989515072084,0.8777372262773723,0.306
Laranja,0.06127129750982962,0.8777372262773723,0.304
Laranja,0.062254259501965926,0.8813868613138686,0.302
Laranja,0.06290956749672345,0.8813868613138686,0.3
Laranja,0.06389252948885976,0.8813868613138686,0.294
Laranja,0.06422018348623854,0.8832116788321168,0.292
Laranja,0.06422018348623854,0.8868613138686131,0.288
Laranja,0.06585845347313238,0.8886861313868614,0.286
Laranja,0.06716906946264745,0.8905109489051095,0.282
Laranja,0.06815203145478375,0.8905109489051095,0.28
Laranja,0.06847968545216251,0.8905109489051095,0.278
Laranja,0.06946264744429882,0.8905109489051095,0.276
Laranja,0.07011795543905636,0.8905109489051095,0.274
Laranja,0.07077326343381389,0.8923357664233577,0.272
Laranja,0.07208387942332896,0.8941605839416058,0.27
Laranja,0.07241153342070773,0.8941605839416058,0.268
Laranja,0.07306684141546527,0.8941605839416058,0.266
Laranja,0.07339449541284404,0.8941605839416058,0.262
Laranja,0.07536041939711664,0.8978102189781022,0.258
Laranja,0.07568807339449542,0.8978102189781022,0.256
Laranja,0.07601572739187418,0.8996350364963503,0.254
Laranja,0.07699868938401049,0.9051094890510949,0.252
Laranja,0.0779816513761468,0.9051094890510949,0.25
Laranja,0.07830930537352555,0.9051094890510949,0.248
Laranja,0.0799475753604194,0.9051094890510949,0.246
Laranja,0.08027522935779817,0.9087591240875912,0.244
Laranja,0.08191349934469201,0.9087591240875912,0.242
Laranja,0.08322411533420708,0.9087591240875912,0.24
Laranja,0.08322411533420708,0.9105839416058394,0.238
Laranja,0.08355176933158584,0.9105839416058394,0.236
Laranja,0.08420707732634339,0.9105839416058394,0.234
Laranja,0.08453473132372215,0.9105839416058394,0.232
Laranja,0.08650065530799476,0.9105839416058394,0.228
Laranja,0.0871559633027523,0.9105839416058394,0.224
Laranja,0.0891218872870249,0.9105839416058394,0.222
Laranja,0.08944954128440367,0.9105839416058394,0.22
Laranja,0.09010484927916121,0.9105839416058394,0.218
Laranja,0.09010484927916121,0.9124087591240876,0.216
Laranja,0.09174311926605505,0.9124087591240876,0.214
Laranja,0.09207077326343381,0.9124087591240876,0.212
Laranja,0.09305373525557012,0.9124087591240876,0.21
Laranja,0.09338138925294888,0.9124087591240876,0.208
Laranja,0.09469200524246396,0.9124087591240876,0.204
Laranja,0.09567496723460026,0.9142335766423357,0.202
Laranja,0.0963302752293578,0.9142335766423357,0.2
Laranja,0.0973132372214941,0.9142335766423357,0.198
Laranja,0.09796854521625163,0.9142335766423357,0.196
Laranja,0.09993446920052425,0.9142335766423357,0.194
Laranja,0.10091743119266056,0.9142335766423357,0.192
Laranja,0.10419397116644823,0.9178832116788321,0.188
Laranja,0.10615989515072084,0.9178832116788321,0.186
Laranja,0.10714285714285714,0.9178832116788321,0.184
Laranja,0.10779816513761468,0.9178832116788321,0.182
Laranja,0.10943643512450851,0.9178832116788321,0.18
Laranja,0.11041939711664482,0.9178832116788321,0.178
Laranja,0.11205766710353866,0.9178832116788321,0.176
Laranja,0.11238532110091744,0.9178832116788321,0.174
Laranja,0.11566186107470511,0.9178832116788321,0.17
Laranja,0.11697247706422019,0.9215328467153284,0.168
Laranja,0.11893840104849279,0.9215328467153284,0.166
Laranja,0.12024901703800786,0.9215328467153284,0.164
Laranja,0.12024901703800786,0.9233576642335767,0.162
Laranja,0.12123197903014417,0.9233576642335767,0.16
Laranja,0.12254259501965924,0.9233576642335767,0.158
Laranja,0.12450851900393185,0.9233576642335767,0.156
Laranja,0.1258191349934469,0.9233576642335767,0.154
Laranja,0.127129750982962,0.9233576642335767,0.148
Laranja,0.1320445609436435,0.9233576642335767,0.142
Laranja,0.13466579292267367,0.9233576642335767,0.14
Laranja,0.1363040629095675,0.9233576642335767,0.138
Laranja,0.13794233289646135,0.927007299270073,0.136
Laranja,0.13958060288335516,0.927007299270073,0.134
Laranja,0.14089121887287026,0.927007299270073,0.132
Laranja,0.145478374836173,0.927007299270073,0.128
Laranja,0.14711664482306683,0.9288321167883211,0.126
Laranja,0.14842726081258192,0.9288321167883211,0.124
Laranja,0.14908256880733944,0.9288321167883211,0.122
Laranja,0.1536697247706422,0.9306569343065694,0.12
Laranja,0.15727391874180865,0.9324817518248175,0.118
Laranja,0.16022280471821757,0.9343065693430657,0.116
Laranja,0.16448230668414154,0.9343065693430657,0.114
Laranja,0.16972477064220184,0.9343065693430657,0.11
Laranja,0.1710353866317169,0.9343065693430657,0.108
Laranja,0.17300131061598953,0.9361313868613139,0.106
Laranja,0.17693315858453473,0.9361313868613139,0.104
Laranja,0.17988204456094364,0.9379562043795621,0.102
Laranja,0.18872870249017037,0.9379562043795621,0.096
Laranja,0.1897116644823067,0.9416058394160584,0.094
Laranja,0.19200524246395806,0.9416058394160584,0.092
Laranja,0.19495412844036697,0.9434306569343066,0.09
Laranja,0.1988859764089122,0.9452554744525548,0.088
Laranja,0.20150720838794234,0.9452554744525548,0.086
Laranja,0.20543905635648754,0.9452554744525548,0.084
Laranja,0.20838794233289645,0.9470802919708029,0.082
Laranja,0.2100262123197903,0.9470802919708029,0.08
Laranja,0.21428571428571427,0.9470802919708029,0.078
Laranja,0.2182175622542595,0.9507299270072993,0.076
Laranja,0.22182175622542594,0.9507299270072993,0.074
Laranja,0.2264089121887287,0.9525547445255474,0.072
Laranja,0.23263433813892528,0.9543795620437956,0.07
Laranja,0.23427260812581913,0.9562043795620438,0.068
Laranja,0.24049803407601572,0.9562043795620438,0.066
Laranja,0.2427916120576671,0.9562043795620438,0.064
Laranja,0.24868938401048493,0.9598540145985401,0.062
Laranja,0.2549148099606815,0.9598540145985401,0.06
Laranja,0.25851900393184796,0.9598540145985401,0.058
Laranja,0.26310615989515074,0.9616788321167883,0.056
Laranja,0.26769331585845346,0.9671532846715328,0.054
Laranja,0.2732634338138925,0.9671532846715328,0.052
Laranja,0.2778505897771953,0.9671532846715328,0.05
Laranja,0.2827653997378768,0.9708029197080292,0.048
Laranja,0.2880078636959371,0.9708029197080292,0.046
Laranja,0.2978374836173001,0.9708029197080292,0.042
Laranja,0.30307994757536044,0.9726277372262774,0.04
Laranja,0.30766710353866317,0.9744525547445255,0.038
Laranja,0.31389252948885976,0.9762773722627737,0.036
Laranja,0.3224115334207077,0.9762773722627737,0.034
Laranja,0.3299475753604194,0.9762773722627737,0.032
Laranja,0.3394495412844037,0.9799270072992701,0.03
Laranja,0.3492791612057667,0.9799270072992701,0.028
Laranja,0.3597640891218873,0.9817518248175182,0.026
Laranja,0.367300131061599,0.9817518248175182,0.024
Laranja,0.37876802096985585,0.9835766423357665,0.022
Laranja,0.38794233289646135,0.9872262773722628,0.02
Laranja,0.39744429882044563,0.9890510948905109,0.018
Laranja,0.40825688073394495,0.9908759124087592,0.016
Laranja,0.42496723460026214,0.9908759124087592,0.014
Laranja,0.44200524246395806,0.9927007299270073,0.012
Laranja,0.4613368283093054,0.9927007299270073,0.01
Laranja,0.4904980340760157,0.9945255474452555,0.008
Laranja,0.5330930537352556,0.9945255474452555,0.006
Laranja,0.6022280471821756,1.0,0.004
Laranja,0.7159239842726082,1.0,0.002
Laranja,1.0,1.0,0.0
Vermelho,0.0,0.0,inf
Vermelho,0.0,0.005263157894736842,0.996
Vermelho,0.0,0.015789473684210527,0.992
Vermelho,0.0,0.05789473684210526,0.976
Vermelho,0.0,0.06315789473684211,0.974
Vermelho,0.0,0.07368421052631578,0.972
Vermelho,0.0,0.07894736842105263,0.968
Vermelho,0.0,0.09473684210526316,0.966
Vermelho,0.0,0.1,0.964
Vermelho,0.0,0.11052631578947368,0.96
Vermelho,0.0,0.11578947368421053,0.958
Vermelho,0.0,0.12631578947368421,0.948
Vermelho,0.0,0.14210526315789473,0.946
Vermelho,0.0,0.15263157894736842,0.938
Vermelho,0.0,0.16842105263157894,0.928
Vermelho,0.0002932551319648094,0.1736842105263158,0.92
Vermelho,0.0002932551319648094,0.18947368421052632,0.914
Vermelho,0.0002932551319648094,0.21052631578947367,0.9
Vermelho,0.0002932551319648094,0.22631578947368422,0.892
Vermelho,0.0002932551319648094,0.24210526315789474,0.89
Vermelho,0.0002932551319648094,0.2736842105263158,0.872
Vermelho,0.0002932551319648094,0.2894736842105263,0.87
Vermelho,0.0002932551319648094,0.3,0.868
Vermelho,0.0005865102639296188,0.30526315789473685,0.862
Vermelho,0.0005865102639296188,0.32105263157894737,0.854
Vermelho,0.0005865102639296188,0.33157894736842103,0.852
Vermelho,0.0005865102639296188,0.3526315789473684,0.83
Vermelho,0.0005865102639296188,0.3684210526315789,0.828
Vermelho,0.0005865102639296188,0.3736842105263158,0.826
Vermelho,0.0005865102639296188,0.3894736842105263,0.824
Vermelho,0.0005865102639296188,0.4052631578947368,0.816
Vermelho,0.0005865102639296188,0.41578947368421054,0.814
Vermelho,0.0005865102639296188,0.43157894736842106,0.8
Vermelho,0.0008797653958944282,0.43157894736842106,0.796
Vermelho,0.0008797653958944282,0.4421052631578947,0.786
Vermelho,0.0008797653958944282,0.45263157894736844,0.782
Vermelho,0.0008797653958944282,0.4631578947368421,0.772
Vermelho,0.0008797653958944282,0.47368421052631576,0.768
Vermelho,0.0008797653958944282,0.4842105263157895,0.752
Vermelho,0.0008797653958944282,0.5,0.746
Vermelho,0.0011730205278592375,0.5105263157894737,0.74
Vermelho,0.001466275659824047,0.5157894736842106,0.738
Vermelho,0.0017595307917888563,0.5263157894736842,0.732
Vermelho,0.0017595307917888563,0.5473684210526316,0.714
Vermelho,0.0020527859237536657,0.5526315789473685,0.712
Vermelho,0.0020527859237536657,0.5631578947368421,0.708
Vermelho,0.002346041055718475,0.5631578947368421,0.698
Vermelho,0.0026392961876832845,0.5736842105263158,0.696
Vermelho,0.0026392961876832845,0.5789473684210527,0.694
Vermelho,0.002932551319648094,0.5789473684210527,0.682
Vermelho,0.002932551319648094,0.5842105263157895,0.68
Vermelho,0.002932551319648094,0.5947368421052631,0.672
Vermelho,0.002932551319648094,0.6157894736842106,0.66
Vermelho,0.0032258064516129032,0.6210526315789474,0.658
Vermelho,0.0035190615835777126,0.6210526315789474,0.654
Vermelho,0.0035190615835777126,0.631578947368421,0.648
Vermelho,0.0035190615835777126,0.6421052631578947,0.646
Vermelho,0.0035190615835777126,0.6684210526315789,0.614
Vermelho,0.0035190615835777126,0.6789473684210526,0.612
Vermelho,0.003812316715542522,0.6789473684210526,0.61
Vermelho,0.003812316715542522,0.6842105263157895,0.608
Vermelho,0.004105571847507331,0.6842105263157895,0.588
Vermelho,0.004105571847507331,0.6894736842105263,0.586
Vermelho,0.004398826979472141,0.6947368421052632,0.584
Vermelho,0.00469208211143695,0.6947368421052632,0.574
Vermelho,0.00469208211143695,0.7052631578947368,0.562
Vermelho,0.00498533724340176,0.7052631578947368,0.558
Vermelho,0.00498533724340176,0.7157894736842105,0.556
Vermelho,0.00498533724340176,0.7368421052631579,0.526
Vermelho,0.00498533724340176,0.7473684210526316,0.514
Vermelho,0.00498533724340176,0.7631578947368421,0.494
Vermelho,0.00498533724340176,0.7736842105263158,0.48
Vermelho,0.005571847507331379,0.7736842105263158,0.452
Vermelho,0.005865102639296188,0.7789473684210526,0.43
Vermelho,0.0064516129032258064,0.7789473684210526,0.418
Vermelho,0.0064516129032258064,0.7842105263157895,0.4
Vermelho,0.007038123167155425,0.7842105263157895,0.36
Vermelho,0.007624633431085044,0.7947368421052632,0.356
Vermelho,0.007624633431085044,0.8,0.354
Vermelho,0.007917888563049853,0.8,0.352
Vermelho,0.007917888563049853,0.8052631578947368,0.342
Vermelho,0.008211143695014663,0.8052631578947368,0.34
Vermelho,0.008211143695014663,0.8105263157894737,0.336
Vermelho,0.008797653958944282,0.8105263157894737,0.324
Vermelho,0.008797653958944282,0.8210526315789474,0.32
Vermelho,0.0093841642228739,0.8210526315789474,0.312
Vermelho,0.0093841642228739,0.8263157894736842,0.31
Vermelho,0.00997067448680352,0.8263157894736842,0.302
Vermelho,0.010557184750733138,0.8263157894736842,0.292
Vermelho,0.010557184750733138,0.8315789473684211,0.286
Vermelho,0.010850439882697948,0.8368421052631579,0.28
Vermelho,0.011730205278592375,0.8368421052631579,0.27
Vermelho,0.012316715542521995,0.8368421052631579,0.266
Vermelho,0.012609970674486803,0.8421052631578947,0.258
Vermelho,0.012903225806451613,0.8421052631578947,0.256
Vermelho,0.01378299120234604,0.8421052631578947,0.252
Vermelho,0.01436950146627566,0.8421052631578947,0.248
Vermelho,0.015249266862170088,0.8421052631578947,0.242
Vermelho,0.016422287390029325,0.8421052631578947,0.234
Vermelho,0.017008797653958945,0.8421052631578947,0.23
Vermelho,0.017302052785923755,0.8473684210526315,0.224
Vermelho,0.01847507331378299,0.8473684210526315,0.212
Vermelho,0.01906158357771261,0.8473684210526315,0.21
Vermelho,0.01964809384164223,0.8473684210526315,0.206
Vermelho,0.020527859237536656,0.8473684210526315,0.204
Vermelho,0.021700879765395895,0.8473684210526315,0.192
Vermelho,0.02258064516129032,0.8473684210526315,0.19
Vermelho,0.02287390029325513,0.8526315789473684,0.184
Vermelho,0.02434017595307918,0.8526315789473684,0.18
Vermelho,0.02463343108504399,0.8526315789473684,0.178
Vermelho,0.026392961876832845,0.8526315789473684,0.174
Vermelho,0.02756598240469208,0.8526315789473684,0.17
Vermelho,0.0281524926686217,0.8526315789473684,0.166
Vermelho,0.02844574780058651,0.8578947368421053,0.162
Vermelho,0.02873900293255132,0.8578947368421053,0.16
Vermelho,0.029618768328445746,0.8578947368421053,0.158
Vermelho,0.030205278592375366,0.8578947368421053,0.154
Vermelho,0.031085043988269796,0.8578947368421053,0.152
Vermelho,0.031378299120234605,0.8578947368421053,0.15
Vermelho,0.03313782991202346,0.8578947368421053,0.148
Vermelho,0.03343108504398827,0.8578947368421053,0.146
Vermelho,0.03401759530791789,0.8578947368421053,0.144
Vermelho,0.0343108504398827,0.8631578947368421,0.142
Vermelho,0.03460410557184751,0.8631578947368421,0.14
Vermelho,0.03577712609970674,0.8631578947368421,0.138
Vermelho,0.03636363636363636,0.868421052631579,0.136
Vermelho,0.036656891495601175,0.868421052631579,0.134
Vermelho,0.039589442815249266,0.868421052631579,0.13
Vermelho,0.041935483870967745,0.868421052631579,0.126
Vermelho,0.04222873900293255,0.868421052631579,0.124
Vermelho,0.04398826979472141,0.868421052631579,0.118
Vermelho,0.04516129032258064,0.8736842105263158,0.116
Vermelho,0.045454545454545456,0.8736842105263158,0.114
Vermelho,0.04633431085043988,0.8736842105263158,0.112
Vermelho,0.0469208211143695,0.8736842105263158,0.11
Vermelho,0.04780058651026393,0.8736842105263158,0.108
Vermelho,0.04868035190615836,0.8789473684210526,0.106
Vermelho,0.050146627565982406,0.8789473684210526,0.104
Vermelho,0.05190615835777126,0.8789473684210526,0.102
Vermelho,0.05395894428152493,0.8789473684210526,0.098
Vermelho,0.05513196480938416,0.8842105263157894,0.096
Vermelho,0.05689149560117302,0.8842105263157894,0.094
Vermelho,0.05777126099706745,0.8842105263157894,0.092
Vermelho,0.05982404692082111,0.8842105263157894,0.09
Vermelho,0.06158357771260997,0.8842105263157894,0.088
Vermelho,0.06275659824046921,0.8894736842105263,0.086
Vermelho,0.06392961876832845,0.8894736842105263,0.084
Vermelho,0.06686217008797654,0.8894736842105263,0.082
Vermelho,0.06920821114369502,0.8894736842105263,0.08
Vermelho,0.07038123167155426,0.8894736842105263,0.078
Vermelho,0.0718475073313783,0.8894736842105263,0.076
Vermelho,0.07448680351906159,0.8947368421052632,0.074
Vermelho,0.07624633431085044,0.9,0.072
Vermelho,0.07771260997067449,0.9,0.07
Vermelho,0.0782991202346041,0.9,0.068
Vermelho,0.08240469208211143,0.9105263157894737,0.066
Vermelho,0.08504398826979472,0.9105263157894737,0.064
Vermelho,0.08709677419354839,0.9263157894736842,0.062
Vermelho,0.09090909090909091,0.9315789473684211,0.06
Vermelho,0.09178885630498533,0.9368421052631579,0.058
Vermelho,0.093841642228739,0.9421052631578948,0.056
Vermelho,0.0967741935483871,0.9421052631578948,0.054
Vermelho,0.10234604105571847,0.9421052631578948,0.052
Vermelho,0.10498533724340176,0.9421052631578948,0.05
Vermelho,0.10909090909090909,0.9473684210526315,0.048
Vermelho,0.112316715542522,0.9473684210526315,0.046
Vermelho,0.1155425219941349,0.9526315789473684,0.044
Vermelho,0.11730205278592376,0.9526315789473684,0.042
Vermelho,0.11994134897360703,0.9578947368421052,0.04
Vermelho,0.12404692082111438,0.9631578947368421,0.038
Vermelho,0.12932551319648095,0.9631578947368421,0.036
Vermelho,0.1343108504398827,0.9631578947368421,0.034
Vermelho,0.13870967741935483,0.9736842105263158,0.032
Vermelho,0.1434017595307918,0.9736842105263158,0.03
Vermelho,0.14780058651026393,0.9736842105263158,0.028
Vermelho,0.1530791788856305,0.9736842105263158,0.026
Vermelho,0.1560117302052786,0.9736842105263158,0.024
Vermelho,0.16099706744868036,0.9842105263157894,0.022
Vermelho,0.16744868035190616,0.9842105263157894,0.02
Vermelho,0.175366568914956,0.9842105263157894,0.018
Vermelho,0.1809384164222874,0.9842105263157894,0.016
Vermelho,0.18973607038123166,0.9842105263157894,0.014
Vermelho,0.20146627565982406,0.9842105263157894,0.012
Vermelho,0.2099706744868035,0.9842105263157894,0.01
Vermelho,0.2217008797653959,0.9842105263157894,0.008
Vermelho,0.24310850439882697,0.9947368421052631,0.006
Vermelho,0.2709677419354839,0.9947368421052631,0.004
Vermelho,0.3258064516129032,1.0,0.002
Vermelho,1.0,1.0,0.0
